id,name,uuid,code,complementary_code,active,area_code,equipment_code
1,Neutral cell,3072cf27-0aa0-44c7-bc0b-f3440a2951e3,N01,,1,1000,DP01
2,R protection cell,0afb36d7-34cd-44d9-a704-2cda307e543e,R01,,1,1000,DP01
3,Start cell (to transformer 400V / 100 Kva ),6862aeac-ffff-4241-8dec-6538ec0e6ddb,T01,,1,1000,DP01
4,Start cell (to transformer 700V / 2500 Kva ),d5a9094c-8777-4a6a-ad37-7ff8b48b4585,C01,,1,1000,DP01
5,Transformer 400V/100Kva,671a62ae-c0be-4c21-a0ad-af682a16428e,TR01,,1,1000,DP01
6,Removable circuit breaker (400V Transformer output),1cfc0b75-26f9-48eb-a11f-0d02680d6c58,DI01,,1,1000,DP01
7,Transformer 22000/690V,a2414f4d-435c-490b-b788-2f3d8b39d65a,YT01,,1,1000,TP01
8,Protection Cell,2247925d-58f7-4f0f-ba7a-0c3166d67028,R01,,1,1000,TP01
9,Transformer 690/400V,5969693d-7c79-43af-a37c-31e4114cff0c,YT01,,1,1004,PT01
10,Incoming,e298f807-28b7-4e77-b1b8-148f2765d46b,A01,,1,1006,YC31
11,"Drivers, Actuators, Power suppliers",4b31d81e-906b-4ce0-88b2-082c539c8013,A02,,1,1006,YC31
12,"Drivers, Actuators, Power suppliers",91956de0-7c7e-46c6-b08b-ffa33d00aa14,A03,,1,1006,YC31
13,"Drivers, Actuators, Power suppliers",9f3f0d8f-a49b-41c0-ba1b-4ae8cf9b1f19,A04,,1,1006,YC31
14,"Drivers, Actuators, Power suppliers",64af2379-df91-4bbf-b0f7-0071d46060d2,A05,,1,1006,YC31
15,"Drivers, Actuators, Power suppliers",9d43ea9a-f5b9-456e-83c8-6c4b422efa0e,A06,,1,1006,YC31
16,Protection Transformer 690/400V,feba42ee-2f22-4489-afca-f90de4c45593,NE01,,1,1006,YC21
17,Freq. Converter Input,c6dee228-347c-417c-9f63-1fd90b43a532,NE02,,1,1006,YC21
18,Incomer,c95ef5b1-c914-402b-85c6-44ff806109da,NE03,,1,1006,YC21
19,Freq. Converter Output,82626adc-7179-40de-ad12-2fa9ea3bbe07,NE04,,1,1006,YC21
20,Switching Main Drive,f24f379b-61d4-467c-85da-0cce08cd969f,NE05,,1,1006,YC21
21,Switching Fan Drive,df1928da-e3c6-45f5-8a19-3be024f80d82,NE06,,1,1006,YC21
22,Powerfactor correction 690V,f70fd9dc-44fa-4271-8c7f-dcb98a85480d,NE07,,1,1006,YC21
23,Proximity Sensor,2eb5db9e-9e2f-4f92-8a8d-a6a57cac29b8,PS01,,1,1621,FB01
24,Proximity Sensor,0c579efe-5a0a-426c-b1a2-d62eb1a5a7a0,PS01,,1,1621,FB02
25,Proximity Sensor,bac049ff-acf7-4e3e-8d15-f4ea79315eb8,PS01,,1,1621,FB03
26,Belt,a6513cde-1555-4449-8cdd-c69666799b6a,BT01,,1,1621,WF01
27,command group,dbbc6713-8968-4de4-91c3-369c39b6759d,CG01,,1,1621,WF01
28,gear-motor,ee92c390-03ac-4701-b7e2-bcd6cb5cdb31,CG01,GM01,1,1621,WF01
29,Drum of command,df08c80d-8a46-42b2-91f7-5eb8c8f4aab7,CG01,DR10,1,1621,WF01
30,drum of return,23e25cb2-26db-4228-a87e-6df28eba60c3,CG01,DR20,1,1621,WF01
31,rolls,b9e409c9-cfd1-42b3-89e5-9555eb9096ab,CG01,DR30,1,1621,WF01
32,Weighing system,d5046996-c856-4a24-8d45-b3c1aa2c8a0e,CG01,WS01,1,1621,WF01
33,Emergency stop,17321a4c-c57a-4190-9363-b2bb559e9f96,XX01,,1,1621,WF01
34,Rotation Sensor,e0a455e6-07b2-4ba0-8e01-209faaa2e8d5,SS01,,1,1621,WF01
35,Belt,d72ea0d6-9b07-427d-841e-640367776448,BT01,,1,1621,WF02
36,command group,48b549a1-b626-481e-a802-ed7f65704158,CG01,,1,1621,WF02
37,gear-motor,d71b33f7-655e-47f8-b85e-798693e20f40,CG01,MR01,1,1621,WF02
38,Drum of command,7b45e2ca-e055-4d3f-997a-bf80da139b98,CG01,TA10,1,1621,WF02
39,drum of return,f5a2f2a9-17ae-41ff-bdc9-4fed7f2558e0,CG01,TA20,1,1621,WF02
40,rolls,0d60dcf4-188c-4e76-b24e-466bd74a29c6,CG01,TA30,1,1621,WF02
41,Weighing system,93fd9148-630b-4e6d-8c68-2fed08ad4c16,CG01,WS01,1,1621,WF02
42,Emergency stop,11457747-1454-4f4c-b5bb-6859ae3b1632,XX01,,1,1621,WF02
43,Rotation Sensor,7393166b-176d-4461-a09b-8a101b9791df,SS01,,1,1621,WF02
44,Belt,3d81bcc2-579c-458c-8e0a-ebfe4b0dfa4c,BT01,,1,1621,WF03
45,command group,03b63818-7925-4cfd-b1ab-e1435bec3f46,CG01,,1,1621,WF03
46,gear-motor,6a7b32fd-946c-4ec6-9bdc-9fe4f1338693,CG01,GM01,1,1621,WF03
47,Drum of command,4527b935-7ea7-46c9-9a1b-2d377d5f4774,CG01,DR10,1,1621,WF03
48,drum of return,f98a5368-314d-492a-a913-6bc431968227,CG01,DR20,1,1621,WF03
49,rolls,c7169198-cc8f-4800-8921-31d1854dcda4,CG01,DR30,1,1621,WF03
50,Weighing system,7fcd78d3-493b-45c8-9798-4c92fa63a91e,CG01,WS01,1,1621,WF03
51,Emergency stop,b6d11ae8-50f8-4736-b1d4-a79b80e8b368,XX01,,1,1621,WF03
52,Rotation Sensor,6b75bc1b-e81d-4bd6-b18c-9d753f90b124,SS01,,1,1621,WF03
53,Casing,7677cf1b-563d-4e44-a96b-65f4f4890c55,HB01,,1,1621,DE01
54,bag filter,07b56390-6c20-469e-82c1-5b1369caa87c,MF01,,1,1621,DE01
55,Pneumatic declogging,dd90d578-2230-45df-8d5d-3b0aa17d434a,PD01,,1,1621,DE01
56,Draft fan,a2c35bfd-e6a7-4425-9acc-4d2f8721d794,FN01,,1,1621,DE01
57,Rotary Valve,23cabe6e-11d8-4e31-83fe-23a1859ca61e,RG01,,1,1621,DE01
58,Speed Sensor,1c5a75f1-cc8d-4f43-b7b9-5ef6f859be55,SS01,,1,1621,DE01
59,Emergency stop,3c6eb088-5923-4e96-953a-28dcbf062462,XX01,,1,1621,DE01
60,Casing,12e64be2-9f4e-4bd9-b6c1-addd12ad7a31,HB01,,1,1621,DE02
61,bag filter,9635e97d-65dc-4c5a-9750-770c45c57c3b,MF01,,1,1621,DE02
62,Pneumatic declogging,23373b46-532b-4f50-80c9-a50b7608ebd3,PD01,,1,1621,DE02
63,Draft fan,61f10222-7174-444f-9a32-51b4838ecb3b,FN01,,1,1621,DE02
64,Emergency stop,d18a8c67-bb62-4f8b-b048-8e7536a9747c,XX01,,1,1621,DE02
65,Casing,445cec7e-6301-4841-9050-95ed6a41a8f1,HB01,,1,1621,DE03
66,bag filter,63f90d0d-2667-4ec2-8cc8-6898d12aeeb5,MF01,,1,1621,DE03
67,Pneumatic declogging,73b40cd6-5f3a-4c35-ad56-0897ba9afabd,PD01,,1,1621,DE03
68,Draft fan,d31b35c6-ecff-4e28-8fe4-054257ad07d6,FN01,,1,1621,DE03
69,Bande,06f45c96-9331-4a3b-bc0e-84c82c557f12,BT01,,1,1621,BC01
70,command group,b261a5a6-8412-4ae4-b942-46ed74f592b7,CG01,,1,1621,BC01
71,Drum of command,db423149-7288-4edc-8ed5-e1caac357e53,DR10,,1,1621,BC01
72,drum of return,7338b0aa-557d-495d-a3f5-c5f22dea8d9e,DR20,,1,1621,BC01
73,rolls,6b68a248-c675-47da-8fed-f517dde1604c,DR30,,1,1621,BC01
74,Weighing system,94b5033c-5adf-4fba-b502-dd106ec0094a,WS01,,1,1621,BC01
75,Speeding Indicator,0e5420bf-1ae5-432c-a007-e6ca4b347396,SI01,,1,1621,BC01
76,Emergency stop,57c152e7-433e-462d-8f7f-4acbd41a001c,XS11,,1,1621,BC01
77,Emergency stop,c653bed8-afd8-4d78-adb7-28f041e09207,XS12,,1,1621,BC01
78,Band Deport,a36a7ef6-ab15-4c4d-b857-fc6afba317a3,XS21,,1,1621,BC01
79,Band Deport,422a30df-89d6-4aa6-aba2-a2c7748c7c22,XS22,,1,1621,BC01
80,Emergency stop,76e4767e-317a-4bb5-8c15-619784026216,XX09,,1,1621,BC01
81,Temperature Sensor,f4aa56cb-a1af-4d23-be0e-9eccb12374f2,TS09,,1,1621,BC01
82,Bande,8abc69ef-7546-4f23-9c44-c5345d23dd83,BT01,,1,1621,MS01
83,command group,fff47a02-74d6-4b9c-8e61-624eb35ab420,CG01,,1,1621,MS01
84,command drum,7c5707f3-89a9-4120-9ce8-7d50006c4520,DR10,,1,1621,MS01
85,return drum,2ed97ed6-623a-459e-86a7-30fee99ecadf,DR20,,1,1621,MS01
86,Speed Sensor,3fa72101-9e98-4476-89b9-292a3560d52d,SS01,,1,1621,MS01
87,Emergency stop,030f929a-7e3a-430d-b117-8dbb9026821b,XS01,,1,1621,MT01
88,Emergency stop,85b235a7-c62d-42d7-8a2d-726726ed68b7,XS02,,1,1621,MT01
89,Emergency stop,79291b26-fed2-4a46-86df-8e61da6aedd6,XS03,,1,1621,MT01
90,Belt,2c2dddff-fbd9-4ccb-a605-8deee619d71f,BT01,,1,1621,BC02
91,command group,173a8ee1-a160-419f-9200-0a2f0a7689ae,CG01,,1,1621,BC02
92,Drum of command,a327623a-88ec-494b-bed4-c941781f3dda,DR10,,1,1621,BC02
93,drum of return,a1fbe360-dfdf-4c8d-9afb-68bc71229fac,DR20,,1,1621,BC02
94,rolls,b6f6aa42-0ab2-4527-88a9-2ec23012a3cd,DR30,,1,1621,BC02
95,Weighing system,dc874b3e-e133-4dee-a273-7abd3acd3659,WS01,,1,1621,BC02
96,Speeding Indicator,6ee47633-e6ea-44d8-9708-d6ae99488611,SI01,,1,1621,BC02
97,Speeding Indicator,5a1f2ee3-1d14-4edc-82ab-111630ae444c,SI02,,1,1621,BC02
98,Emergency stop,3f8cda4e-68d6-4158-ae90-2e5727123f95,XS11,,1,1621,BC02
99,Emergency stop,1baa0986-5c72-4bde-9614-9c2251ad42d3,XS12,,1,1621,BC02
100,Band Deport,de665c64-fa19-49f6-92b2-b826539cba97,XS21,,1,1621,BC02
101,Band Deport,b65dd261-753e-43c0-a2fe-725412be5d78,XS22,,1,1621,BC02
102,Band Deport,8a141cd4-d45f-49ba-be7d-524d73d335e6,XS23,,1,1621,BC02
103,Band Deport,d15b9291-5ffb-4d14-b6fa-6911b37b566c,XS24,,1,1621,BC02
104,Emergency stop,852f0e5c-2ada-4ff6-87db-c6d49be25f35,XX09,,1,1621,BC02
105,Temperature Sensor,1632912d-e64d-4aa9-8a68-52f046d8161a,TS09,,1,1621,BC02
106,Belt,650b9a77-6701-4675-923a-307c93fe3764,BT01,,1,1621,BC03
107,Drum of command,7795db02-b28e-4a66-8a79-72919084379a,DR10,,1,1621,BC03
108,Vibration Indicator,912c1730-1e35-4053-a960-536b6b7383f7,VI01,,1,1631,RM01
109,Vibration sensor,c8298709-5eb7-44d5-be0c-1aad6af8811f,VS01,,1,1631,RM01
110,Vibration sensor,3b046243-6ad5-4dde-a945-5f2dcf2a4565,VS02,,1,1631,RM01
111,Vibration sensor,eac3fa43-b9f5-4274-895f-bc5640805261,VS03,,1,1631,RM01
112,Temperature Indicator,2aac21e4-14ee-466a-82fd-5a0f1cec5d74,TI11,,1,1631,RM01
113,Speed Indicator,7611690d-75cb-408e-a021-9541dc88d34e,SI11,,1,1631,RM01
114,Temperature Indicator,bcb6dcac-5a87-4c92-ab65-d50ed8a561ea,TI21,,1,1631,RM01
115,Speed Indicator,baf7df47-4ff7-4556-bcb7-487cf063e0d1,SI21,,1,1631,RM01
116,Temperature Indicator,135b27e9-fab8-4c4e-aae6-5cfb22043531,TI01,,1,1631,MD01
117,Temperature Indicator,57111d80-ede1-42a2-bfd3-10bc47756e3e,TI02,,1,1631,MD01
118,Temperature Indicator,6ad75aa9-cb7b-4ec2-aad7-dafe5b7567e9,TI03,,1,1631,MD01
119,Temperature Indicator,41e0e76b-9189-42b2-bfde-0882cc7ee484,TI11,,1,1631,MD01
120,Temperature Indicator,5ec8c54a-0595-4459-877a-936516c914d7,TI12,,1,1631,MD01
121,Emergency stop,74bc7bf8-4292-4b0e-b92b-1b89c1e795b4,XX09,,1,1631,MD01
122,Main Drive,aadf25ae-9c4b-4266-9156-f82c748dc7c1,MD01,,1,1631,LQ01
123,Main Drive,f576326f-c68e-4c3f-b236-43c5815d059f,MD02,,1,1631,LQ01
124,Pump,6834c96a-53e8-4cb0-8168-41df69549148,PU01,,1,1631,LQ01
125,Flow switch,818f01be-2601-41e4-a540-c11ed2264942,FS01,,1,1631,LQ01
126,Pressure Sensor,e03235ac-1e99-4bd1-b05a-a15348b15643,PS05,,1,1631,LQ01
127,Temperature Indicator,f60347b3-c997-4fb2-8142-1059a0b7d8f2,TI01,,1,1631,LQ01
128,Emergency stop,f639a057-d3cd-43c7-aa65-f14747cbe087,XX01,,1,1631,LQ01
129,Pressure Indicator,5a8a4104-a026-4533-85ac-d343628bc416,PI01,,1,1631,LQ01
130,Pressure Sensor,2ae4d5b1-c588-406c-be76-12e2fbb58f88,PS01,,1,1631,LQ01
131,Pressure Indicator,43f57ace-1a11-44c7-9976-ccf718a1b8b2,PI10,,1,1631,LQ01
132,Pressure Indicator,5a5b7112-bbcb-41b2-85cc-e6868b771186,PI12,,1,1631,LQ01
133,Pressure Indicator,5fa9d201-9545-4fad-9361-538e653d22ca,PI13,,1,1631,LQ01
134,Pressure Indicator,2409f155-93f6-4600-9c0d-2bc98af69663,PI14,,1,1631,LQ01
135,Pressure Indicator,fea7c12e-64a3-4470-822c-8973dda13a29,PI15,,1,1631,LQ01
136,Main Drive,99eeeaff-e0c4-47f3-868c-07dddb7d9961,MD01,,1,1631,LQ11
137,Pump,e596e9a4-c38f-41d9-8a43-b529d64f75ef,PU01,,1,1631,LQ11
138,Level Sensor,f49ae67d-291a-409f-8b6d-ff1d340cfbdd,LS01,,1,1631,LQ11
139,Temperature Indicator,4b1f811d-7efa-4c40-b003-e0c9d2cc6728,TI01,,1,1631,LQ11
140,Temperature Indicator,cb25d652-3af0-4178-82ca-dc01af28d990,TI12,,1,1631,LQ11
141,Temperature Indicator,a4b79411-3c2f-4bc0-a075-a2fc8af567a7,TI22,,1,1631,LQ11
142,Pressure Indicator,fb64c820-4b74-48d2-a6c9-29f15e63c7a6,PI01,,1,1631,HS11
143,Pressure Indicator,fe5dd1e9-ec73-4581-80f4-5f1854cf206d,PI02,,1,1631,HS11
144,Temperature Indicator,1948935a-32a8-4ab9-90f3-86a74ad8c7bc,TI01,,1,1631,HS11
145,Level Sensor,7e3485a2-4fd3-4bc8-8848-29aa60abfe03,LS01,,1,1631,HS11
146,Temperature Sensor,9e48d558-f746-4638-b532-eb72ffc78a97,TS09,,1,1631,HS11
147,Emergency stop,e52b8370-aa38-49d7-af79-41b199b5f087,XX09,,1,1631,HS11
148,Main Drive,8503f281-7e21-4f4e-98c6-9d0cb9bc2ee0,MD01,,1,1631,LQ41
149,Pump,4bb70c3d-05c5-497d-a295-7773e729cbc1,PU01,,1,1631,LQ41
150,Level Sensor,eab11ac8-fa72-43c0-986a-9557c14dce54,LS01,,1,1631,LQ41
151,Flow switch,ce29d8bc-4852-4651-b1a2-8536c48ebb9a,FS11,,1,1631,LQ41
152,Flow switch,0e7d01a9-2ce3-47ee-b457-f1688663f31a,FS21,,1,1631,LQ41
153,speed sensor,5bc391aa-fda4-4f91-b0fe-e260e6ea97c2,SS01,,1,1631,GB01
154,Temperature Indicator,bc4e78d7-80aa-46b8-b101-3bf71c0d73ef,TI50,,1,1631,GB01
155,Temperature Indicator,fde3e2bf-9951-4f63-842b-18aa49b422a6,TI51,,1,1631,GB01
156,Temperature Indicator,079d99ba-b6d8-4206-8b9d-3ed089b416cd,TI71,,1,1631,GB01
157,Level Sensor,dea5c4ab-55f7-4ee9-ad20-33c8cdc39ecb,LS01,,1,1631,GB01
158,Water Tank,acdac9fd-f197-41fb-b2a8-1a94840384ce,TK01,,1,1631,WI01
159,Level Sensor min,12104212-ecd3-447f-a8cd-88d35f0ebfdc,TK01,LAS01,1,1631,WI01
160,Level Sensor min,09c5f728-a81b-4c4c-bb50-a9981f301c7b,TK01,LAS02,1,1631,WI01
161,Water Pump,e07c5283-36d9-4cb7-a17b-a1239db54602,TK01,PU01,1,1631,WI01
162,Separator Valve,e59107e9-8fb1-4bf8-afac-c3fa77d099ec,SV01,,1,1631,WI01
163,Separator Valve,ae218136-e556-48fd-a3c8-2be0c3c190f1,SV02,,1,1631,WI01
164,Separator Valve,7da958f2-bd30-4bbb-be5f-581bacf02830,SV03,,1,1631,WI01
165,Flow Indicator,f3d9f2f1-1f31-4d28-bfc5-2a129bde4447,FI01,,1,1631,WI01
166,Temperature Sensor,98095590-7868-4692-980a-2e3c1eea2b4c,TS09,,1,1631,WI01
167,Emergency stop,75720415-52fc-47c4-96c6-8000fcebd590,XX09,,1,1631,WI01
168,Fan motor,0c4966b7-f1e6-461b-b839-148bd0bce7cd,MD01,,1,1631,FN01
169,Belt,887e5a9e-9e92-42e3-aeb4-8368e0983976,BT01,,1,1641,BC01
170,command group,bf77c4c1-841a-452d-ab77-16e208e84a0f,CG01,,1,1641,BC01
171,Drum of command,34721c38-d042-4c37-bc06-f23fae1daf2f,DR10,,1,1641,BC01
172,drum of return,655b9463-7e35-4b29-83e0-67d9e52c5369,DR20,,1,1641,BC01
173,rolls,85f7cb4c-2c9e-48f5-8ffb-7bb9faa2b8e0,DR30,,1,1641,BC01
174,Weighing system,9af85b6c-2487-454e-bf6e-7473e7dc12a9,WS01,,1,1641,BC01
175,Emergency stop,a288ed6f-67e2-4239-acf8-9ca43373b680,XS11,,1,1641,BC01
176,Emergency stop,7c15097c-e150-401d-ac81-89226807c1b6,XS12,,1,1641,BC01
177,speed sensor,e6ef8d38-2aaa-43e3-860f-f4903529ce93,SS01,,1,1641,BC01
178,Belt,55dfd5cc-fa6c-4197-9f09-d59c9253eeb1,BT01,,1,1641,BC02
179,command group,08cb48ae-a72e-486b-860f-772e8edba1e6,CG01,,1,1641,BC02
180,Drum of command,133ed221-1648-45ee-ba5f-bef1a62064a1,DR10,,1,1641,BC02
181,drum of return,6cbcce0e-f5e6-4941-84ec-46e223b50083,DR20,,1,1641,BC02
182,rolls,f421bfc7-c02e-457d-988c-5293f57581e7,DR30,,1,1641,BC02
183,Emergency stop,18c222af-9872-4f96-af36-dea2a37b01bb,XS11,,1,1641,BC02
184,Emergency stop,40fd2838-c5e8-47de-a325-d85148f87426,XS12,,1,1641,BC02
185,speed sensor,cad831b0-47f0-4213-a399-88a637cb8090,SS01,,1,1641,BC02
186,Motor Classifier,6b27713f-7cc5-4680-9384-e863bf571638,MD01,,1,1651,CL01
187,Temperature Indicator,e67ebe13-b33b-4375-b4c6-c09a79b817c8,TI01,,1,1651,CL01
188,Temperature Indicator,86fce014-6f9d-4c5d-925b-17a45b631abb,TI02,,1,1651,CL01
189,Emergency stop,ca03c4bd-42d8-4633-a573-aa58bc3cbf47,XX09,,1,1651,CL01
190,Speed Indicator,04c568d6-3675-43c9-b847-41dd01e800c2,SI01,,1,1651,CL01
191,Main Drive,29fa7533-9f3f-480d-8f5b-f95a1852c1b1,MD01,,1,1651,LQ42
192,Pump,55dbfdbd-1142-4310-841e-64cde5006bc0,PU01,,1,1651,LQ42
193,Level Sensor,89cb5b9f-cbda-4d4d-8dc9-931b737f0fcc,LS01,,1,1651,LQ42
194,Flow switch,f3b4cd94-5cbe-44c3-9891-37da05677ebb,FS01,,1,1651,LQ42
195,Bag Filter,2437202c-38f8-46d7-8740-d69b3c642c3e,BA01,,1,1651,BF01
196,Temperature Indicator,a6ed802c-ad38-4f52-a9c8-2f576ace9a00,TI01,,1,1651,BF01
197,Temperature Sensor,f1a1ac08-233f-4183-b9ef-1683e827126b,TS15,,1,1651,BF01
198,Level Sensor,d61d16b5-1ac0-431c-a94e-dace0b7c603d,LS11,,1,1651,BF01
199,Emergency stop,390b414c-9eff-4759-ac6c-410c67582b65,XX01,,1,1651,BF01
200,Pressure Indicator,2a305603-54e4-4435-b67a-484e204fade7,PI01,,1,1651,BF01
201,Pressure Sensor,c70bc948-d86c-4714-8047-7d3b1b0b585c,PS01,,1,1651,BF01
202,Level Sensor,769865df-944a-4dd2-b4f0-d7db80be8926,LS01,,1,1651,BF01
203,command group,81fed2bc-b439-49d4-907b-57224dacb39e,CG01,,1,1651,SC01
204,Speed Sensor and proximity,901f63e3-78f5-4e07-a94f-305daea3cf1b,SS01,,1,1651,SC01
205,command group,f800b69c-9f6f-4080-9254-d5080c46deda,CG01,,1,1651,RG01
206,Speed Sensor,fbce10de-f6fd-4ba6-959e-69a965cd5326,SS01,,1,1651,RG01
207,Pressure Indicator,337640fd-828e-43de-8da9-0cc1f747063a,PI01,,1,1651,DU01
208,Pressure Indicator,dbb2ffc8-1541-401c-8c95-a4ed6995875e,PI02,,1,1651,DU01
209,Temperature Indicator,c60da2c3-8aa7-4e8e-9631-c6eca16fd964,TI01,,1,1651,DU01
210,Temperature Indicator,e148d0ed-2da1-41d0-9e54-36dad4ab3bf8,TI01,,1,1661,FN01
211,Temperature Indicator,bf412d7c-729f-4300-8b48-7be78bc4311e,TI02,,1,1661,FN01
212,Temperature Indicator,86199c25-831e-4ddd-a0dd-ebaceeae4edf,TI03,,1,1661,FN01
213,Temperature Indicator,c885c414-f395-4022-86dc-72491f33f969,TI11,,1,1661,FN01
214,Temperature Indicator,1525a456-02d2-4900-baee-1728980e9095,TI12,,1,1661,FN01
215,Temperature Indicator,03dc10f3-3270-4207-8738-e8e50296d4a7,TI21,,1,1661,FN01
216,Vibration Indicator,bbde058f-7e62-454d-99be-f66a577184f6,VI01,,1,1661,FN01
217,Vibration Indicator,a147ece8-4e60-4d4e-8a14-9ccad74fb805,VI02,,1,1661,FN01
218,Emergency stop,757f1453-3b06-41bd-ac63-4be9dbac3dea,XX09,,1,1661,FN01
219,Speed Indicator,a1bf8c60-6776-4e18-ae59-996c5acefd41,SI01,,1,1661,FN01
220,Combustion Chamber (LOMA),66f1dcc7-f107-48c2-b848-a812e2b980be,CB01 ,,1,1661,HG01
221, Protective Sheath ,3c893998-ced1-4f35-ba5e-6cf88bf53c4c,CB02,,1,1661,HG01
222, Perforated Jacket,fc47b1cf-2430-44fc-aa4f-67c66d443109,CB03,,1,1661,HG01
223,Spiral Housing ,73f2e657-b1c1-4d5c-8b07-ff38c0328654,CB04,,1,1661,HG01
224,Muffle,de0c0309-cd09-4bcd-b8d9-f3dc8ca13786,CB05,,1,1661,HG01
225,Refractory Lining ,c3c99640-3dc5-4f88-b428-a5ad27e60bad,RT01,,1,1661,HG01
226,Fresh Air Flap ,ebdbfc4b-6440-4cf9-ac81-4969b21f91a9, VT53,VFV01,1,1661,HG01
227,Actuator for Fresh Air Flap,b1f06049-054d-4c5a-a986-90ab423ed96e,VT53,ACE01,1,1661,HG01
228,Burner Unit,6f00cd98-41b3-47b9-98ee-af5dc6da933d,BU01,,1,1661,HG01
229,IR Flame detector,b9c7d558-aa8a-4593-8c3f-4028cdfcd103,BU01,IRF01,1,1661,HG01
230,Ignition transformer,051abf9f-f984-4971-a611-a8dd1491917d,BU01,IGT01,1,1661,HG01
231,Ignition electrode,ee249e30-2bc1-4c7f-b8d9-65acba205d16,BU01,IGE01,1,1661,HG01
232,Combustion Air Train,01855901-de3c-4db6-a9a5-b9a798f5c264,BU01,VT51,1,1661,HG01
233,Air Damper,48549343-d030-483a-8876-8bf22e354ca9,BU01,DA01,1,1661,HG01
234,Air Damper Actuator,af835216-9134-410f-b0d1-1311f32ff5c7,BU01,ACE01,1,1661,HG01
235,Silencer,8654273e-419f-48df-8202-525123bd25a3,BU01,SI01,1,1661,HG01
236,Air Damper,9eb1c9dd-bda8-4aef-862b-70da2d6cf0a2,BU01,DA02,1,1661,HG01
237,Air Damper Actuator,7fba03b7-03bf-458f-9cbc-3bbcdf1ba097,BU01,ACE02,1,1661,HG01
238,Fan Wheel,43c70b51-ed15-4c3e-87b1-8c00b55158f4,BU01,FN01,1,1661,HG01
239,Electrical Motor,9eb6b1a7-1ac4-4ec2-a74a-8b14e90bcbf7,BU01,M01,1,1661,HG01
240,Pressure Switch,051ba8b3-d59b-4c2c-8fcd-98c87e710cf9,BU01,PSL01,1,1661,HG01
241,3-Way Solenoid Valve ,7566f2a4-370d-4abf-a445-0958d7365683,BU01,SV03,1,1661,HG01
242,Light Oil Train,4ffd4480-5039-40a0-86dd-d4720fe9ee47,BU01,,1,1661,HG01
243,Flexible Hose,430c4d38-d4d1-468b-9be3-3f6a76f54699,BU01,FH01,1,1661,HG01
244,Solenoid Valve,dc101bd7-ba60-4749-9d81-255a2330d230,BU01,SV01,1,1661,HG01
245,Ball Valve,06016c58-816f-41e8-b4c8-215f17174ddd,BU01,BV01,1,1661,HG01
246,Pressure Gauge,8e0c7ec0-44db-404a-bff8-a24c3b769dc4,BU01,PIN01,1,1661,HG01
247,Oil Lance,327794f4-5b8b-428f-b2ad-51018e44fe1f,BU01,OL01,1,1661,HG01
248,Actuator,c274749e-8629-4650-8570-9a177a77765c,BU01,ACE03,1,1661,HG01
249,Flexible Hose,914b0c17-c4a3-4424-bfd5-b9a88af4035a,BU01,FH02,1,1661,HG01
250,Pressure Gauge,bd1aad94-d9ba-46af-9e4c-3ae6ea7616c0,BU01,PIN02,1,1661,HG01
251,Ball Valve,f7af54ea-2303-4841-8bfe-995bce83c923,BU01,BV02,1,1661,HG01
252,Pressure Regulator,d530e12b-33dd-410b-9f7b-4393ed0f01a5,BU01,PR01,1,1661,HG01
253,Actuator,1ab63e9b-2830-4985-b229-ea63981b57e3,BU01,ACE04,1,1661,HG01
254,Pressure Switch (max),de3d6255-402b-43f6-ba98-0bfe19390113,BU01,PSH01,1,1661,HG01
255,Check Valve,2c9b8520-04f9-4ad7-8037-fdbad29e64ff,BU01,NRV01,1,1661,HG01
256,Check Valve,2e834580-d87c-4a96-991a-6875184caf8f,BU01,NRV01,1,1661,HG01
257,Fuel Handling Systems,9fdcbbc4-9c70-400b-80cc-8f219f6d8b9d,PU02,,1,1661,HG01
258,Light Oil Unit,e429fccb-9d4a-4434-8d0c-8d58301c6e06,PU02,,1,1661,HG01
259,Ball Valve,2c71c835-91de-44a6-a69a-01f5915416be,PU02,BV01,1,1661,HG01
260,Solenoid Valve,43d1e028-a63a-461d-89a3-357211a7442e,PU02,SV01,1,1661,HG01
261,Ball Valve,2f83cc14-5ea2-4e81-9e3b-9634323e9918,PU02,BV02,1,1661,HG01
262,Pressure Gauge,a6a1abdc-25a1-4152-9ed7-e256d6fffc20,PU02,PIN01,1,1661,HG01
263,Filter,177996d2-3d49-4ac6-8aff-447fea575cd6,PU02,FIL01,1,1661,HG01
264,Oil Flow Meter with Pulser ,fd706a17-a457-4d9d-9b0f-06b0331eb42c,PU02,FOM01,1,1661,HG01
265,Degassing Bottle ,ed6755d9-908e-4ff0-95c8-5d98a90eb234,PU02,DGB01,1,1661,HG01
266,Ball Valve,ff9eaeaa-43dc-458d-9359-3468c1808016,PU02,BV03,1,1661,HG01
267,Pump with regulator,d17b9e95-03c0-4f50-ba0a-5868ddc94bf3,PU02,PU01,1,1661,HG01
268,Electrical Motor,e7e91c0b-c79d-4e6a-8bee-46ed022bb05b,PU02,M01,1,1661,HG01
269,Pressure switch (min),74f5cdd2-2ca2-4d80-85e2-63285c5f765c,PU02,PSL01,1,1661,HG01
270,Ball Valve,0e80e547-e31c-4f76-8e42-a6290f8657aa,PU02,BV04,1,1661,HG01
271,Pressure Gauge,dee7aa35-0974-45c5-8f9d-0bb225a4268e,PU02,PIN01,1,1661,HG01
272,Solenoid Valve,49f421ab-9dff-4220-8670-a7005f115a72,PU02,SV02,1,1661,HG01
273,Flexible Hose,26541e8e-6c59-432c-9cb7-6826273376f0,VT21,FH02,1,1661,HG01
274,Flexible Hose,fb62b7d8-b513-4ea1-921c-f03a6af69c17,VT21,FH03,1,1661,HG01
275,Oil Tank,c891fb40-9d39-4ce5-9ae5-18b746ea95dd,TK01,,1,1661,HG01
276,Leakage indicator,e96dca70-da4f-4078-b778-a998bed5f2ad,TK01,LAS01,1,1661,HG01
277,Level switches min,68f13955-5058-45a2-9c29-43ea35b9a911,TK01,LSM01,1,1661,HG01
278,Level switches min,3635cbf2-10e4-4570-8a46-e887da7d4881,TK01,LSM02,1,1661,HG01
279,Level Sensor,26a68358-846b-4da7-8c17-2df20cad6943,TK01,LSM03,1,1661,HG01
280,Dipstick,7ae55a53-549f-49af-8029-81f7032ccb7b,TK01,LL01,1,1661,HG01
281,Oil pump Unit ,33e9323a-10ef-4341-b0c0-40254fa05b18,PU01,,1,1661,HG01
282,Filter with ball valve,5a92a4e3-7eb4-48dc-9660-8c2b878066d5,PU01,FIL01,1,1661,HG01
283,Pressure gauge ,c3550175-5bdc-43f7-8ac5-281dbf70f1aa,PU01,PIN01,1,1661,HG01
284,Pump with regulator ,531a98ee-afa9-4407-b64a-a35cf9addc31,PU01,PU01,1,1661,HG01
285,Electrical Motor,8e1bc076-d3f9-4ce9-94de-42b0541bc4aa,PU01,M01,1,1661,HG01
286,Check Valve,8144a80e-4305-4d6c-83b7-724283767983,PU01,NRV01,1,1661,HG01
287,Filter with ball valve,7dd3efdb-a66c-4480-8341-9d3df06ca9e5,PU01,FIL02,1,1661,HG01
288,Pressure gauge ,07df0af2-09f6-452b-8014-a862f10cd81e,PU01,PIN02,1,1661,HG01
289,Pump with regulator,7323f2c2-ef98-466e-ac5e-314922fc6852,PU01,PU02,1,1661,HG01
290,Electrical Motor,2507cd7f-cabf-481e-a6b3-73bd98b890f3,PU01,M02,1,1661,HG01
291,Check Valve,2e334a4b-e0f9-4fab-a072-3c73fbfe441a,PU01,NRV02,1,1661,HG01
292,Over flow valve,d3bff22f-351f-4199-bbf6-8f96297db9fe,PU01,SBV03,1,1661,HG01
293,Pressure gauge ,ef9b6c96-ea0d-4114-bab7-09dfddfa066a,PU01,PIN03,1,1661,HG01
294,Cooling Air Unit,d838e478-91e9-4574-9880-5c61b8760ae4,VT61,,1,1661,HG01
295,Shut-Off Valve (Ball Valve),a6bbae5c-c502-4eea-b0b5-762e3bc23788,VT61,BV01,1,1661,HG01
296,Filter,d5c8a63e-c89e-412d-b483-d7cfd3ea7071,VT61,FIL01,1,1661,HG01
297,Press Button Valve ,71a12a31-633a-4825-913c-814e9aaa8100,VT61,PBV01,1,1661,HG01
298,Pressure gauge,1cf9da83-3e5c-4f15-958d-6b027a7bd665,VT61,PIN01,1,1661,HG01
299,Pressure Regulator,64c389c1-733d-4007-a24b-0083e0c6d726,VT61,PR01,1,1661,HG01
300, with Pressure Gauge,d627ee5d-1627-4105-a312-07bab96b90d5,VT61,PIN01,1,1661,HG01
301,Pressure switch,569ec791-d67f-473c-886e-8d8e5bbf7f25,VT61,PSL01,1,1661,HG01
302,Needle Valve,f630ca56-53a9-4b02-9657-da08eca7563f,VT61,NV01,1,1661,HG01
303, Safety Blow-Up Valve,50d341eb-ae8c-42dd-b8e6-f5b659aa6a12,VT61,SBV01,1,1661,HG01
304,Solenoid Valve,98633968-bee0-40f7-8649-174613806fa3,VT61,SV01,1,1661,HG01
305,Flexible Hose,930ae325-a8fd-4523-9235-4b5c9813e4ff,VT61,FH01,1,1661,HG01
306,Control Cabinet,8db7fbee-497e-44a7-a07a-192055916b97,CC01,,1,1661,HG01
307,Burner Management System,82bad696-ea35-40f3-ac6d-d86325f58ea3,CC01,BMS01,1,1661,HG01
308,Display and Operating Unit Burner,cf8c4a4f-1902-4b6c-b0c8-a65b8b865ee2,CC01,DOU01,1,1661,HG01
309,Multifunctional Unit ,e77daf1c-1112-4dea-b508-37f1a6d86d3b,CC01,DOU02,1,1661,HG01
310,Temperature Monitoring,5a769b65-08b8-4247-b78b-6639ad6bc2ad,CB01,,1,1661,HG01
311,IR-Sensor,d9bab665-b81e-48be-8559-72543a849e26,CB01,OTC01,1,1661,HG01
312,IR-Sensor,8af3aafc-6e4f-488a-9bf7-1cce60067e3e,CB01,OTC02,1,1661,HG01
313,Emergency stop,bc921519-f976-4029-9a81-d78e78989c63,XX01,,1,1661,HG01
314,Temperature Indicator,ce8c76d9-a71a-424e-832f-1c9d7da62c6a,TI01,,1,1661,HG01
315,Temperature Indicator,92c92689-f280-415f-9b38-999e99ff3bc1,TI02,,1,1661,HG01
316,Motor-Damper ``S``,61827860-c8c3-4b2e-b1c5-364a2fbcb16b,MD01,,1,1661,DA06
317,position indicator,f1f0affc-0815-4d7a-bb59-39a37dc2374c,GI01,,1,1661,DA06
318,limit switch,0077ae57-7ef7-47af-849f-4cb4d938988e,GS01,,1,1661,DA06
319,limit switch,b23f2268-1eb8-42ca-88d6-67c69e1d5495,GS02,,1,1661,DA06
322,Temperature Sensor,0639ae2b-4b6b-4c85-a8d9-4b3c883b3c12,TS01,,1,1661,DA06
323,Motor-Damper ``S``,9458cdc7-31f5-494d-907e-c0d9bd753867,MD01,,1,1661,DA07
324,position indicator,178440c3-2b54-451d-9a42-6939c64e653b,GI01,,1,1661,DA07
325,limit switch,57924bf2-ac57-453a-a28a-1b93c6e3f0bd,GS01,,1,1661,DA07
326,limit switch,1e869147-6db6-4e42-864a-71d8d48b6c2a,GS02,,1,1661,DA07
329,Temperature Sensor,6314db2b-dea4-4b1a-b05c-f9afec99ed1b,TS01,,1,1661,DA07
330,Motor-Damper ``S``,b32b77c7-5c1c-4ad2-86eb-7c2a56c22937,MD01,,1,1661,DA11
331,limit switch,bf0e9537-2425-437b-9b7b-219db0810b70,GS01,,1,1661,DA11
332,limit switch,56fd2a81-f0a0-4760-ab9f-fc0af2c87574,GS02,,1,1661,DA11
335,Temperature Sensor,b45f2db7-d421-4639-a75d-e4dc30fac830,TS01,,1,1661,DA11
336,position indicator,e2b52b4b-7409-4011-ac55-33f6b60c5811,GI01,,1,1661,DA11
337,Motor-Damper ``S``,faa926db-b2e0-4db1-85e7-e614cf16039c,MD01,,1,1661,DA41
338,limit switch,86c326f0-22bb-4246-916e-890469ada23a,GS01,,1,1661,DA41
339,limit switch,24f795bd-e833-4c29-88fa-d8aacbdac05b,GS02,,1,1661,DA41
342,limit switch,a40adcc8-511d-43bf-b115-ab47a6c47a2f,GS11,,1,1661,DA41
343,limit switch,1af7ef22-ad7e-44d1-9fbc-ccb23112f0e9,GS12,,1,1661,DA41
344,pressure indicator,e53d9824-877b-43b6-b2e1-a35832f934ce,PI01,,1,1661,DU01
345,pressure indicator,eaa9adb9-fa94-4904-952c-c887295f9076,PI02,,1,1661,DU01
346,Temperature indicator,32fe0f3b-98c4-43d4-8e0a-ac0672ac4439,TI01,,1,1661,DU01
347,Temperature indicator,787576cf-e103-4224-b955-8b7f15561500,TI02,,1,1661,DU01
348,Temperature indicator,0676713e-62bb-44c5-bee5-6a8759dd008a,TI03,,1,1661,DU01
349,Temperature indicator,e42b924a-09f9-4b14-9f08-5cf87fb5d116,TI10,,1,1661,DU01
350,Flow Indicator,860380e8-5481-4b5b-8f11-1b5f3365c3c6,FI51,,1,1661,DU01
351,pressure indicator,1cde308d-a71d-4e50-8b3a-3787bd355df9,PI10,,1,1661,DU01
352,pressure indicator,5a13c752-8c48-4ad7-8b9b-3bbf88a8f314,PI01,,1,1661,DU02
353,Temperature indicator,923c122c-7402-40cf-be7c-6a8f5cef46a3,TI01,,1,1661,DU02
354,Temperature indicator,4ad009c7-4494-4a01-b5ba-1f47b9a9c5a4,TI02,,1,1661,DU02
355,Temperature indicator,72c230c1-8e2a-4397-9b65-ea7402603cbd,TI03,,1,1661,DU02
356,Temperature indicator,a59420e1-3576-49ea-9b84-394538da9f0f,TI10,,1,1661,DU02
357,Temperature indicator,534220f9-caa1-4c34-b6ea-d7f7bec72edb,TI91,,1,1661,DU02
358,pressure indicator,5cee9804-1baa-4e86-9a1e-9d18d9fdad36,PI91,,1,1661,DU02
359,pressure indicator,2ccd35f1-7e62-4438-8d18-73223e08dfd7,PI91,,1,1661,DU04
360,Temperature indicator,423a2233-bdc0-4e19-b860-55049173e47d,TI91,,1,1661,DU04
361,casing,d80dea04-101d-4aea-ba80-0ed571b35136,HB01,,1,1681,BE01
362,command group,860f71df-48fb-42f1-8b1f-becb115185f8,CG01,,1,1681,BE01
363,belt,b39b55c7-8930-4ad7-ae4f-95db6d24c2e5,BT01,,1,1681,BE01
365,bucket,eb437824-f51d-47d1-9983-79f712f888cd,BU01,,1,1681,BE01
370,Temperature Sensor,565c5f11-dda7-43a9-97aa-ad9ba59e9877,TS09,,1,1681,BE01
371,speed sensor,90c81581-9f51-46a5-8bf9-6a26b6c91575,SS01,,1,1681,BE01
372,speed sensor,0f38310f-78e7-41d6-b3f2-a13aa860eff6,SS02,,1,1681,BE01
373,level switch,a1692b2b-f66a-4cee-84a9-1b573b96ebad,LS01,,1,1681,BE01
374,limit switch,8776587c-5b2b-47cd-9c0a-063e4e70adcc,GS11,,1,1681,BE01
375,limit switch,97f11038-caaf-4960-b529-8ded62f00e3b,GS12,,1,1681,BE01
376,limit switch,5aef9996-d53a-4b4e-bf78-766d587471fc,GS13,,1,1681,BE01
377,limit switch,bed5eac4-a514-4593-ae57-0ffd248674ab,GS14,,1,1681,BE01
378,casing,57d97059-c6bf-43c8-8ab3-c4f0a636c099,HB01,,1,1681,AS01
379,airslide fan,faf6eaae-dd0e-43a8-83cf-6d668442c4bf,FN01,,1,1681,AS01
380,motor drive,1a1d5296-3284-4c14-9ebe-1aa35a53ab19,FN01,MD01,1,1681,AS01
381,casing,2b85540e-42f1-4a05-b162-066a0bbc4843,HB01,,1,1681,AS02
382,airslide fan,815f5823-f67e-4db1-8f8a-0b34f9eac541,FN02,,1,1681,AS02
383,motor drive,6a75b19e-f708-4829-acf2-d3f2fc9dfb97,FN02,MD01,1,1681,AS02
384,diverter gate,cae7b5c5-f657-46b1-9efe-64e0f74b1c41,DG01,,1,1681,AS02
385,limit switch,49957aee-6133-46cf-a93e-070b0048890c,DG01,GS01,1,1681,AS02
386,limit switch,8e40351c-739b-47f5-b7bb-1c493d0ad532,DG01,GS02,1,1681,AS02
387,level indicator,15eb644d-fa8b-4678-a5c2-7b14c7897ee8,LI01,,1,1691,SO01
388,level switch,b2918ef0-5e00-4a86-ba3d-ce3ce53136d0,LS01,,1,1691,SO01
389,dedusting controler,ff9a070a-4dba-4150-8c94-ec57ae31fcde,XX01,,1,1691,SO01
390,dedusting unit,d4a2fed3-fb0f-4f47-9df6-a39d88044499,DE01,,1,1691,SO01
391,casing,ad0d7d21-b8c2-424c-8be7-8b67802d3e19,HB01,,1,1691,DE01
394,dedusting fan,233a1e3a-bddb-478e-86d9-0d32de23bbea,FN01,,1,1691,DE01
395,pressure indicator,3ff9fbd2-08f9-4e93-9629-2cad3d6b9b77,DE01,PI01,1,1691,SO01
396,pressure switch,8d302555-c6df-4227-aed4-c443d66fe0c7,DE01,PS01,1,1691,SO01
397,control unit,1aa1c75f-11f8-4eb3-b9dc-7ad9e36bc1a3,DE01,XX01,1,1691,SO01
398,Shut-Off Valve (Ball Valve),e4d7e848-51c6-4987-b064-610a53f26696,SG01,,1,1691,SO01
399,flow gate,64e7d4b5-e64d-431a-872d-d7a7fddcb505,FG01,,1,1691,SO01
400,position indicator,9aa08d0d-f5bb-40f2-a41c-b79882ac44e3,FG01,GI01,1,1691,SO01
401,limit switch,642d972e-2619-439a-b7d1-cdad2c8e7ee0,FG01,GS01,1,1691,SO01
402,limit switch,df286f75-2047-454c-9d83-f7dcf5811fb9,FG01,GS02,1,1691,SO01
403,limit switch,c8accd57-c9dd-48f8-a421-71daa67e190e,FG01,GS11,1,1691,SO01
404,limit switch,79396b7b-11b5-42a2-b98a-50f24354c457,FG01,GS12,1,1691,SO01
405,flow gate,2c97db62-e54d-49da-9550-2bdd030991c4,FG02,,1,1691,SO01
406,position indicator,cfd16d4e-0c1b-45ab-9216-91d568fb34f4,FG02,GI01,1,1691,SO01
407,limit switch,334a7dd6-173a-4676-ae0f-82e5cd097699,FG02,GS01,1,1691,SO01
408,limit switch,83b0e369-dd46-4e06-ac18-2c4e0950dc8e,FG02,GS02,1,1691,SO01
409,limit switch,1a34b27c-9154-4251-ae16-ac658e4654a5,FG02,GS11,1,1691,SO01
410,limit switch,f3de64b1-4a7f-4bb9-8eb1-9243c47d8bd3,FG02,GS12,1,1691,SO01
411,butterfly valve,83c722a0-a7d8-45d6-b35e-37fc9b3f1193,BV01,,1,1691,SO01
412,limit switch,d4ba16e1-d6e3-4cff-968d-bd659fbab07a,BV01,GS01,1,1691,SO01
413,limit switch,7141fc38-4bcc-4c98-9930-189dd97a28d4,BV01,GS02,1,1691,SO01
414,butterfly valve,0be57548-62fc-4650-b610-f4e55fd5a580,BV02,,1,1691,SO01
415,limit switch,2c939bca-2653-445e-aec7-30d51104ad91,BV02,GS01,1,1691,SO01
416,limit switch,de351013-36ed-48d5-a288-9136bb98b08e,BV02,GS02,1,1691,SO01
417,blower,51c21c90-01f9-4d3b-bd57-f314136959ab,AE01,,1,1691,SO01
418,motor drive,3bdbc13a-a858-4e4e-bae7-606e7952d59d,AE01,MD01,1,1691,SO01
419,belt,32ccef23-8ad9-491c-b2fa-07338939cac9,AE01,BT01,1,1691,SO01
420,temperature switch,30810137-3d42-4e69-99ac-43c763f33dcf,AE01,TS09,1,1691,SO01
421,housing,9325bb5d-3ba4-4988-b7a7-69c2fb3b80d0,HB01,,1,1691,SC01
422,command group,3b7be9db-89ad-47cb-80ea-f77ee1507df0,CG01,,1,1691,SC01
423,speed sensor,b5f149f3-1265-43dd-a161-022e623aff3f,SS01,,1,1691,SC01
424,housing,40fada40-c142-4ee5-8cb1-683d60bfa43d,HB01,,1,1691,SC02
425,command group,c303ae1e-1268-457d-a27c-25375269faac,CG01,,1,1691,SC02
426,speed sensor,a11e30ea-4ab0-46f6-9968-31eb5273e359,SS01,,1,1691,SC02
427,casing,59c92e30-e0de-47f0-aa2f-7d58b64db3df,HB01,,1,1691,SC03
428,command group,9a6d5f66-1704-4a52-a252-56b753d7a513,CG01,,1,1691,SC03
429,speed sensor,c50c4253-d85f-4898-9fce-f341d0513b73,SS01,,1,1691,SC03
430,level indicator,520bdd30-036c-466a-9eec-00381cc3cbee,LI01,,1,1692,SO02
431,level switch,f0af28bf-8a5f-4c33-babf-eb70273e53dc,LS01,,1,1692,SO02
432,dedusting ,1fb2d9db-b990-4e47-bc4d-69ab9950ea00,DE01,,1,1692,SO02
433,casing,d5109fec-8e30-488b-84fb-ba0118b91694,HB01,,1,1692,DE01
436,dedusting fan,06c336ac-785a-4050-b844-0737a24b686b,FN01,,1,1692,DE01
437,pressure indicator,639b278f-724d-4168-a505-a67c8a715138,DE01,PI01,1,1692,SO02
438,pressure switch,494b70ac-ab8a-4fb1-a70b-42e85531ab80,DE01,PS01,1,1692,SO02
439,dedusting controler,bb23d6cf-fa60-4fd4-8ad4-4124de10a0a0,DE01,XX01,1,1692,SO02
440,Shut-Off Valve (Ball Valve),04170d62-fe53-43c5-8198-7e445aaf81c2,SG01,,1,1692,SO02
441,flow gate,57720427-e803-482a-aa7a-3c92e819e445,FG01,,1,1692,SO02
442,position indicator,08a11189-ab64-41b6-9ead-6ca3be1c6712,FG01,GI01,1,1692,SO02
443,limit switch,2fd610c4-241e-4240-9c15-bce6e29836b4,FG01,GS01,1,1692,SO02
444,limit switch,d459595f-aea5-46a8-93f0-a64a3896ce22,FG01,GS11,1,1692,SO02
445,limit switch,937d6158-229e-4100-bb95-5e3cfba463ad,FG01,GS12,1,1692,SO02
446,flow gate,b86f4a29-8117-41a3-82b5-69f9c6bf9ec0,FG02,,1,1692,SO02
447,position indicator,05c9fe2d-c488-4870-a103-a44294daa894,FG02,GI01,1,1692,SO02
448,limit switch,9816909d-9ef0-4170-bca4-66332931fd2a,FG02,GS01,1,1692,SO02
449,limit switch,ce8f3431-15a8-48e5-a569-7b90d6159b31,FG02,GS02,1,1692,SO02
450,limit switch,33e249e6-a87f-49b0-8f8f-4a83840b825e,FG02,GS11,1,1692,SO02
451,limit switch,3dd1fc5f-9195-4fe7-b3cd-edfbcce252aa,FG02,GS12,1,1692,SO02
452,butterfly valve,2a2c0fd3-b6c3-4796-815f-da03d4922fa6,BV01,,1,1692,SO02
453,limit switch,1fc9d0c3-c07d-494c-8606-3cc714fec83d,BV01,GS01,1,1692,SO02
454,limit switch,d765bc8c-1346-4c25-84ff-b961b5fcd56f,BV01,GS02,1,1692,SO02
455,butterfly valve,0fcf8d8f-2473-45f9-8bef-1f67ed13eb37,BV02,,1,1692,SO02
456,limit switch,56f7c0fe-b4f0-40d3-9fd6-836b94e681a0,BV02,GS01,1,1692,SO02
457,limit switch,3464bc68-7dbc-4503-b23f-86ffca934f17,BV02,GS02,1,1692,SO02
458,blower,d27443ac-6ec0-4686-b32c-d6353149d983,AE02,,1,1692,SO02
459,temperature switch,4d33a37f-cb6e-4a2d-9ca4-bb050db8b4eb,AE02,TS09,1,1692,SO02
460,airslide fan,7dddcea7-924a-4816-9ca3-72fb84915204,FN01,,1,1711,AS01
461,casing,65638945-f524-4a93-b989-7103c91bbea6,HB01,,1,1731,SN01
462,command group,26f048e1-a4be-474e-b025-0e2acace1070,CG01,,1,1731,SN01
463,belt,e3038893-9303-4f34-a99d-5cbfd740561b,BT01,,1,1731,SN01
464,Emergency stop,beedf698-160c-4a8d-9f0c-7e83cd7d9e09,XX01,,1,1731,SN01
465,casing,b9f5d274-be45-4154-95c9-103ba2bcac46,HB01,,1,1731,DE01
466,Bag Filter,b9dc3750-00dc-4f57-a0b9-3e6bb8f3882f,BA01,,1,1731,DE01
467,Pneumatic declogging,419e0ea0-c546-455e-b712-5fcf10be7349,PD01,,1,1731,DE01
468,dedusting fan,56ee665b-ae6c-4d68-82d5-829bdcf01711,FN01,,1,1731,DE01
469,rotary gate,b69d8b25-3b7c-44f9-8522-0c9de2ce6100,RG01,,1,1731,DE01
470,level switch,cc396c24-d5c6-4a33-94e4-e0fb7e0d110d,LS01,,1,1731,BI01
471,spout 1,e00d6148-2ce4-4331-8cd4-c19066a5b2d5,ST01,,1,1731,PM01
472,command group,42d767e3-f35a-462b-9dd1-35fce72ac26d,ST01,CG01,1,1731,PM01
473,scale,ebf1cb54-04a2-4dec-be5e-e3d15c1b0b77,ST01,BS01,1,1731,PM01
475,spout 2,fe1950c0-c05c-414f-826d-f9eb6a5a8a75,ST02,,1,1731,PM01
476,command group,b44d0447-a96b-4da8-9e27-d15231c16208,ST02,CG01,1,1731,PM01
477,scale,0deda4e3-6156-44b2-8ac5-46811eea83ab,ST02,BS01,1,1731,PM01
479,spout 3,f90b8a05-47fc-4fbe-be03-a6e053e2563f,ST03,,1,1731,PM01
480,command group,e1fa889f-533d-43c0-bec4-5f86692876a8,ST03,CG01,1,1731,PM01
481,scale,f7dfeb17-a3f0-4cb9-b927-e4c9463523cb,ST03,BS01,1,1731,PM01
483,spout 4,0df1211e-78e5-4940-bce4-a8f68f34f455,ST04,,1,1731,PM01
484,comand group,26f7178e-1036-417b-a7a0-fb7b755c7328,ST04,CG01,1,1731,PM01
485,scale,69cfa651-5028-40d3-bfbd-fc0cb398f545,ST04,BS01,1,1731,PM01
487,belt,c34784aa-71db-4491-b47b-47fe45b16b24,BT01,,1,1731,BC01
488,command group,c9bfd585-3ef5-46ee-9d8b-c3704004ecc2,CG01,,1,1731,BC01
489,command drum,c1dacb0e-53dc-4db3-aa57-6802fae9f5bc,DR10,,1,1731,BC01
490,return drum,ea8c6d33-646d-4619-928d-2b82f286de27,DR20,,1,1731,BC01
491,rollers,631ae4f0-8f1f-4b23-91e1-0c2f618eff4b,DR30,,1,1731,BC01
492,belt,791890b2-a37c-4a08-870e-2c941173bea1,BT01,,1,1731,BC02
493,command group,f8feb7ce-3f02-4cfd-a9fe-719763c06383,CG01,,1,1731,BC02
494,command drum,017bcdc6-74e4-4a16-8cd1-578e5869b498,DR10,,1,1731,BC02
495,return drum,af8934f0-98fd-462e-9124-dbf37782c904,DR20,,1,1731,BC02
496,rollers,2e818037-3eec-4a63-bf00-e2ce165e1b5b,DR30,,1,1731,BC02
497,casing,0010e9e3-e7bd-4fc4-a3be-1653f2404937,HB01,,1,1731,SC01
498,command group,5fd7ada2-6184-490e-90a1-71ea38a92f46,CG01,,1,1731,SC01
499,speed sensor,58100bfe-59d0-4250-ab44-a579521fedf7,SS01,,1,1731,SC01
500,casing,045e1b12-2127-405a-a939-76809a11fe6e,HB01,,1,1731,SC02
501,command group,85f1d204-2a8f-447c-b00b-508592132697,CG01,,1,1731,SC01
502,speed sensor,9bb2b5d0-4b58-4ee7-a2bd-9665c0d38eed,SS01,,1,1731,SC01
503,casing,ecce9cdd-542e-4b37-aca7-a1969ca62573,HB01,,1,1741,SN01
504,command group,a6c7472d-105f-431e-9f0d-9b398ac910e1,CG01,,1,1741,SN01
505,belt,9b1ee645-174f-4fb4-9241-7d5213bae0da,BT01,,1,1741,SN01
506,Emergency stop,8a3b180d-8dfb-4dbc-b291-3023f14a0a20,XX01,,1,1741,SN01
507,casing,3b095527-f8a1-455e-a134-db3754573624,HB01,,1,1741,DE01
508,Bag Filter,41cb4dcc-8498-4ebd-946d-2b9ba5444bd7,BA01,,1,1741,DE01
509,Pneumatic declogging,08677d8f-7e80-40a5-b46e-400f73e1da15,PD01,,1,1741,DE01
510,dedusting fan,c607f12b-cb71-4f80-9218-6a8837fc80b9,FN01,,1,1741,DE01
511,rotary gate,1c1256f6-9c51-4820-9866-c496af28a8a2,RG01,,1,1741,DE01
512,level switch,2d94d22e-dbd6-457d-baee-aa28ee84e402,LS01,,1,1741,BI01
513,spout 1,ce095b08-edef-4bfb-9c4e-04c57656a9a1,ST01,,1,1741,PM01
514,command group,a18af0a9-47ff-4ef0-8351-bec9fa79f9c7,ST01,CG01,1,1741,PM01
515,scale,57ea2843-a422-4169-b2ca-356cdf165010,ST01,BS01,1,1741,PM01
517,spout 2,2124b224-5291-498d-9afc-20de5ec733fe,ST02,,1,1741,PM01
518,command group,464fc394-5479-4b5e-87cc-8d80376d2833,ST02,CG01,1,1741,PM01
519,scale,a815a9df-ce69-4c8a-a6a7-1b667a0c8bda,ST02,BS01,1,1741,PM01
521,spout 3,791d2436-ae1a-4b07-9229-96f177c30423,ST03,,1,1741,PM01
522,command group,7a1ad7e1-e717-4100-a394-9341ab644643,ST03,CG01,1,1741,PM01
523,scale,1be460f8-ab60-4d9c-b6db-dc9be90581f9,ST03,BS01,1,1741,PM01
525,spout 4,562100cf-0d67-42c6-935a-e017909c57fd,ST04,,1,1741,PM01
526,comand group,035221e4-8555-4444-b583-7383893cb02f,ST04,CG01,1,1741,PM01
527,scale,5b3342df-0778-45fd-bb85-28db187fe943,ST04,BS01,1,1741,PM01
529,belt,bf5ad5ae-51e3-43ed-8ce7-c269a34ccfe7,BT01,,1,1741,BC01
530,command group,f77a26bf-1178-470a-9c63-f12e7ce2e6e1,CG01,,1,1741,BC01
531,command drum,b07e53de-f056-4c6a-a5dc-c3ad3dc0f458,DR10,,1,1741,BC01
532,return drum,2cb72980-f8a4-4b35-943d-cd1ad39a0ce6,DR20,,1,1741,BC01
533,rollers,9251dad3-a989-45c4-97ce-38172ba50d43,DR30,,1,1741,BC01
534,belt,cb2a2293-c0eb-4372-9c48-f08203243f83,BT01,,1,1741,BC02
535,command group,ae507168-c340-411e-9784-248af7c22442,CG01,,1,1741,BC02
536,command drum,9b856c0a-662f-455c-8e6b-7fe5f10cd749,DR10,,1,1741,BC02
537,return drum,b458baa2-0213-4f64-8d74-020a7d51d20e,DR20,,1,1741,BC02
538,rollers,64ac11a0-ff9e-4693-a277-6da6a7d92143,DR30,,1,1741,BC02
539,casing,a41798ff-e916-48a2-b124-4fb46c9a9d17,HB01,,1,1741,SC01
540,command group,02d84ec5-d246-4b07-a8f2-ad028f5bd7ec,CG01,,1,1741,SC01
541,speed sensor,8c7f3930-c4e2-4a85-9759-e033d1a89e05,SS01,,1,1741,SC01
542,casing,6127005d-0b03-40fe-a3eb-de159dcf5e65,HB01,,1,1741,SC02
543,command group,e013fede-26d4-405b-bba2-2ee5f4bc11ab,CG01,,1,1741,SC01
544,speed sensor,4cf9a521-125f-45a8-ac01-a0e2935718cb,SS01,,1,1741,SC01
